TIMECODE,DATA1,DATA2
0.0,0.033,20.0
0.01,0.0929998,20.0
0.02,0.161998,20.0
0.03,0.178994,20.0
0.04,0.199987,20.0
0.05,0.257974,20.0
0.06,0.351955,20.0
0.07,0.405929,20.0
0.08,0.455893,20.0
0.09,0.468848,20.0
0.1,0.510792,20.0
0.11,0.600723,20.0
0.12,0.64264,20.0
0.13,0.654542,20.0
0.14,0.707428,20.0
0.15,0.842297,20.0
0.16,0.829147,20.0
0.17,0.914977,20.0
0.18,0.967786,20.0
0.19,0.980572,20.0
0.2,1.01533,20.0
0.21,1.09507,20.0
0.22,1.16978,20.0
0.23,1.21547,20.0
0.24,1.27712,20.0
0.25,1.26975,20.0
0.26,1.34534,20.0
0.27,1.4379,20.0
0.28,1.45943,20.0
0.29,1.51392,20.0
0.3,1.54538,20.0
0.31,1.5708,20.0
0.32,1.68318,20.0
0.33,1.66652,20.0
0.34,1.72682,20.0
0.35,1.76108,20.0
0.36,1.8343,20.0
0.37,1.84947,20.0
0.38,1.95059,20.0
0.39,2.02167,20.0
0.4,2.04969,20.0
0.41,2.03667,20.0
0.42,2.0946,20.0
0.43,2.16947,20.0
0.44,2.2583,20.0
0.45,2.26206,20.0
0.46,2.30877,20.0
0.47,2.42543,20.0
0.48,2.45203,20.0
0.49,2.51656,20.0
0.5,2.56404,20.0
0.51,2.56645,20.0
0.52,2.6048,20.0
0.53,2.64409,20.0
0.54,2.69631,20.0
0.55,2.74547,20.0
0.56,2.79056,20.0
0.57,2.83757,20.0
0.58,2.90252,20.0
0.59,2.9414,20.0
0.6,2.9592,20.0
0.61,3.06293,20.0
0.62,3.09959,20.0
0.63,3.11816,20.0
0.64,3.20166,20.0
0.65,3.22509,20.0
0.66,3.31243,20.0
0.67,3.30069,20.0
0.68,3.42487,20.0
0.69,3.39096,20.0
0.7,3.44798,20.0
0.71,3.4809,20.0
0.72,3.61774,20.0
0.73,3.61849,20.0
0.74,3.64315,20.0
0.75,3.68172,20.0
0.76,3.8062,20.0
0.77,3.77959,20.0
0.78,3.89788,20.0
0.79,3.89708,20.0
0.8,3.95018,20.0
0.81,4.02419,20.0
0.82,4.07909,20.0
0.83,4.0769,20.0
0.839999,4.0846,20.0
0.849999,4.12921,20.0
0.859999,4.17771,20.0
0.869999,4.2681,20.0
0.879999,4.31139,20.0
0.889999,4.36958,20.0
0.899999,4.43265,20.0
0.909999,4.43262,20.0
0.919999,4.44048,20.0
0.929999,4.57423,20.0
0.939999,4.55886,20.0
0.949999,4.61038,20.0
0.959999,4.71279,20.0
0.969999,4.71808,20.0
0.979999,4.76926,20.0
0.989999,4.76131,20.0
0.999999,4.82125,20.0
1.01,4.88007,20.0
1.02,4.88777,20.0
1.03,4.99335,20.0
1.04,4.9808,20.0
1.05,5.01313,20.0
1.06,5.06533,20.0
1.07,5.17841,20.0
1.08,5.19936,20.0
1.09,5.25518,20.0
1.1,5.25787,20.0
1.11,5.28343,20.0
1.12,5.35886,20.0
1.13,5.41816,20.0
1.14,5.49332,20.0
1.15,5.46334,20.0
1.16,5.51824,20.0
1.17,5.55299,20.0
1.18,5.58161,20.0
1.19,5.69208,20.0
1.2,5.69742,20.0
1.21,5.77462,20.0
1.22,5.74167,20.0
1.23,5.84858,20.0
1.24,5.90535,20.0
1.25,5.90097,20.0
1.26,5.94144,20.0
1.27,5.94477,20.0
1.28,6.03395,20.0
1.29,6.04598,20.0
1.3,6.12486,20.0
1.31,6.13859,20.0
1.32,6.15216,20.0
1.33,6.20059,20.0
1.34,6.24986,20.0
1.35,6.30597,20.0
1.36,6.36593,20.0
1.37,6.35273,20.0
1.38,6.36837,20.0
1.39,6.50085,20.0
1.4,6.45017,20.0
1.41,6.57333,20.0
1.42,6.60633,20.0
1.43,6.59417,20.0
1.44,6.67884,20.0
1.45,6.72435,20.0
1.46,6.75669,20.0
1.47,6.72587,20.0
1.48,6.75388,20.0
1.49,6.82571,20.0
1.5,6.90338,20.0
1.51,6.86288,20.0
1.52,6.89821,20.0
1.53,7.01237,20.0
1.54,7.02935,20.0
1.55,7.00016,20.0
1.56,7.10579,20.0
1.57,7.06825,20.0
1.58,7.17753,20.0
1.59,7.14363,20.0
1.6,7.25656,20.0
1.61,7.2603,20.0
1.62,7.31287,20.0
1.63,7.36425,20.0
1.64,7.31345,20.0
1.65,7.35547,20.0
1.66,7.38431,20.0
1.67,7.42296,20.0
1.68,7.44643,20.0
1.69,7.57571,20.0
1.7,7.5548,20.0
1.71,7.6307,20.0
1.72,7.63842,20.0
1.73,7.65795,20.0
1.74,7.66728,20.0
1.75,7.70643,20.0
1.76,7.76538,20.0
1.77,7.82515,20.0
1.78,7.78971,20.0
1.79,7.80209,20.0
1.8,7.84826,20.0
1.81,7.91925,20.0
1.82,7.97703,20.0
1.83,7.99962,20.0
1.84,8.01701,20.0
1.85,7.9922,20.0
1.86,8.0182,20.0
1.87,8.11399,20.0
1.88,8.14058,20.0
1.89,8.17496,20.0
1.9,8.15215,20.0
1.91,8.18613,20.0
1.92,8.28091,20.0
1.93,8.22649,20.0
1.94,8.26785,20.0
1.95,8.30701,20.0
1.96,8.35997,20.0
1.97,8.36472,20.0
1.98,8.45326,20.0
1.99,8.46159,20.0
2.0,8.50971,20.0
2.01,8.45162,20.0
2.02,8.54131,20.0
2.03,8.5498,20.0
2.04,8.55108,20.0
2.05,8.64214,20.0
2.06,8.61799,20.0
2.07,8.60362,20.0
2.08,8.71804,20.0
2.09,8.69724,20.0
2.1,8.74723,20.0
2.11,8.752,20.0
2.12,8.79755,20.0
2.13,8.80789,20.0
2.14,8.813,20.0
2.15,8.8519,20.0
2.16,8.86357,20.0
2.17,8.88603,20.0
2.18,8.90627,20.0
2.19,8.92628,20.0
2.2,8.99107,20.0
2.21,8.96964,20.0
2.22,9.00598,20.0
2.23,9.0081,20.0
2.24,9.011,20.0
2.25,9.02967,20.0
2.26,9.06112,20.0
2.27,9.12034,20.0
2.28,9.17333,20.0
2.29,9.1801,20.0
2.3,9.15364,20.0
2.31,9.19295,20.0
2.32,9.18003,20.0
2.33,9.25988,20.0
2.34,9.3025,20.0
2.35,9.27989,20.0
2.36,9.29906,20.0
2.37,9.34799,20.0
2.38,9.30069,20.0
2.39,9.35715,20.0
2.4,9.33739,20.0
2.41,9.41439,20.0
2.42,9.43316,20.0
2.43,9.44969,20.0
2.44,9.48999,20.0
2.45,9.46206,20.0
2.46,9.45288,20.0
2.47,9.44348,20.0
2.48,9.51884,20.0
2.49,9.52896,20.0
2.5,9.55984,20.0
2.51,9.52149,20.0
2.52,9.6149,20.0
2.53,9.61707,20.0
2.54,9.58101,20.0
2.55,9.6457,20.0
2.56,9.58416,20.0
2.57,9.68037,20.0
2.58,9.66735,20.0
2.59,9.62908,20.0
2.6,9.68958,20.0
2.61,9.72783,20.0
2.62,9.66385,20.0
2.63,9.73962,20.0
2.64,9.74015,20.0
2.65,9.73144,20.0
2.66,9.74748,20.0
2.67,9.75528,20.0
2.68,9.79784,20.0
2.69,9.76316,20.0
2.7,9.76423,20.0
2.71,9.85106,20.0
2.72,9.78864,20.0
2.73,9.85598,20.0
2.74,9.81508,20.0
2.75,9.85493,20.0
2.76,9.83753,20.0
2.77,9.85589,20.0
2.78,9.90801,20.0
2.79,9.85287,20.0
2.8,9.9105,20.0
2.81,9.88287,20.0
2.82,9.924,20.0
2.83,9.90688,20.0
2.84,9.94052,20.0
2.85,9.9239,20.0
2.86,9.97804,20.0
2.87,9.95594,20.0
2.88,9.93458,20.0
2.89,9.92498,20.0
2.9,9.94113,20.0
2.91,9.94303,20.0
2.92,9.95768,20.0
2.93,9.96909,20.0
2.94,10.0472,20.0
2.95,9.98515,20.0
2.96,9.95981,20.0
2.97,9.97222,20.0
2.98,10.0184,20.0
2.99,9.99329,20.0
3.0,9.99195,20.0
3.01,10.0304,20.0
3.02,10.0055,20.0
3.03,10.0794,20.0
3.04,10.0581,20.0
3.05,10.0425,20.0
3.06,10.0167,20.0
3.07,10.0716,20.0
3.08,10.0113,20.0
3.09,10.0387,20.0
3.1,10.0948,20.0
3.11,10.0868,20.0
3.12,10.0314,20.0
3.13,10.0168,20.0
3.14,10.004,20.0
3.15,10.0429,20.0
3.16,10.0946,20.0
3.17,10.048,20.0
3.18,10.0052,20.0
3.19,10.0331,20.0
3.2,9.99774,20.0
3.21,10.0612,20.0
3.22,10.0373,20.0
3.23,10.0532,20.0
3.24,10.0279,20.0
3.25,10.0833,20.0
3.26,10.0785,20.0
3.27,10.0304,20.0
3.28,9.98306,20.0
3.29,10.0395,20.0
3.3,10.0657,20.0
3.31,10.0426,20.0
3.32,10.0102,20.0
3.33,9.96466,20.0
3.34,9.98083,20.0
3.35,10.0058,20.0
3.36,9.95643,20.0
3.37,9.99586,20.0
3.38,10.022,20.0
3.39,9.93197,20.0
3.4,9.96965,20.0
3.41,10.0081,20.0
3.42,9.93327,20.0
3.43,9.93021,20.0
3.44,9.9319,20.0
3.45,9.97034,20.0
3.46,9.96154,20.0
3.47,9.89649,20.0
3.48,9.94919,20.0
3.49,9.84965,20.0
3.5,9.91386,20.0
3.51,9.92483,20.0
3.52,9.91455,20.0
3.53,9.87702,20.0
3.54,9.85125,20.0
3.55,9.85723,20.0
3.56,9.81897,20.0
3.57,9.82946,20.0
3.58,9.80171,20.0
3.59,9.79772,20.0
3.6,9.78148,20.0
3.61,9.756,20.0
3.62,9.73027,20.0
3.63,9.7923,20.0
3.64,9.7001,20.0
3.65,9.76664,20.0
3.66,9.71995,20.0
3.67,9.69601,20.0
3.68,9.64083,20.0
3.69,9.69742,20.0
3.7,9.62876,20.0
3.71,9.66286,20.0
3.72,9.66172,20.0
3.73,9.58234,20.0
3.74,9.56072,20.0
3.75,9.55186,20.0
3.76,9.53777,20.0
3.77,9.59243,20.0
3.78,9.58686,20.0
3.79,9.50205,20.0
3.8,9.46401,20.0
3.81,9.47072,20.0
3.82,9.43421,20.0
3.83,9.45045,20.0
3.84,9.39846,20.0
3.85,9.38323,20.0
3.86,9.42478,20.0
3.87,9.43508,20.0
3.88,9.39916,20.0
3.89,9.383,20.0
3.9,9.2956,20.0
3.91,9.32998,20.0
3.92,9.27812,20.0
3.93,9.32903,20.0
3.94,9.27271,20.0
3.95,9.25716,20.0
3.96,9.23239,20.0
3.97,9.23138,20.0
3.98,9.21814,20.0
3.99,9.16068,20.0
4.0,9.14898,20.0
4.01,9.12006,20.0
4.02,9.05591,20.0
4.03,9.08354,20.0
4.04,9.10194,20.0
4.05,9.04511,20.0
4.06,8.99406,20.0
4.07,8.96479,20.0
4.08,9.00229,20.0
4.09,8.92057,20.0
4.1,8.92063,20.0
4.11,8.85246,20.0
4.12,8.87407,20.0
4.13,8.87947,20.0
4.14,8.82864,20.0
4.15,8.84759,20.0
4.16,8.81933,20.0
4.17,8.71084,20.0
4.18,8.71514,20.0
4.19,8.71523,20.0
4.2,8.67409,20.0
4.21,8.62074,20.0
4.22,8.64817,20.0
4.23,8.58339,20.0
4.24,8.5354,20.0
4.25,8.59419,20.0
4.26,8.47677,20.0
4.27,8.54214,20.0
4.28,8.4413,20.0
4.29,8.49424,20.0
4.3,8.38698,20.0
4.31,8.4095,20.0
4.32,8.38882,20.0
4.33,8.36493,20.0
4.34,8.27684,20.0
4.35,8.29253,20.0
4.36,8.29703,20.0
4.37001,8.25131,20.0
4.38001,8.15939,20.0
4.39001,8.18027,20.0
4.40001,8.12495,20.0
4.41001,8.08742,20.0
4.42001,8.05569,20.0
4.43001,8.00976,20.0
4.44001,8.02063,20.0
4.45001,8.00631,20.0
4.46001,7.91578,20.0
4.47001,7.95306,20.0
4.48001,7.93914,20.0
4.49001,7.81202,20.0
4.50001,7.79671,20.0
4.51001,7.7522,20.0
4.52001,7.8105,20.0
4.53001,7.74061,20.0
4.54001,7.68152,20.0
4.55001,7.70224,20.0
4.56001,7.59378,20.0
4.57001,7.58512,20.0
4.58001,7.56027,20.0
4.59001,7.58724,20.0
4.60001,7.54302,20.0
4.61001,7.48061,20.0
4.62001,7.46702,20.0
4.63001,7.43824,20.0
4.64001,7.37628,20.0
4.65001,7.29413,20.0
4.66001,7.3108,20.0
4.67001,7.24829,20.0
4.68001,7.26461,20.0
4.69001,7.19074,20.0
4.70001,7.18069,20.0
4.71001,7.13146,20.0
4.72001,7.07706,20.0
4.73001,7.06848,20.0
4.74001,7.06273,20.0
4.75001,6.9528,20.0
4.76001,6.9327,20.0
4.77001,6.87042,20.0
4.78001,6.84198,20.0
4.79001,6.87636,20.0
4.80001,6.80158,20.0
4.81002,6.74462,20.0
4.82002,6.7155,20.0
4.83002,6.70121,20.0
4.84002,6.68875,20.0
4.85002,6.57813,20.0
4.86002,6.57235,20.0
4.87002,6.5664,20.0
4.88002,6.45829,20.0
4.89002,6.48701,20.0
4.90002,6.44958,20.0
4.91002,6.34399,20.0
4.92002,6.38024,20.0
4.93002,6.33233,20.0
4.94002,6.30126,20.0
4.95002,6.20004,20.0
4.96002,6.22467,20.0
4.97002,6.18414,20.0
4.98002,6.15546,20.0
4.99002,6.09963,20.0
5.00002,5.98464,20.0
5.01002,5.99051,20.0
5.02002,5.93623,20.0
5.03002,5.9318,20.0
5.04002,5.88122,20.0
5.05002,5.8085,20.0
5.06002,5.81964,20.0
5.07002,5.76663,20.0
5.08002,5.72747,20.0
5.09002,5.67218,20.0
5.10002,5.57975,20.0
5.11002,5.59817,20.0
5.12002,5.51546,20.0
5.13002,5.46261,20.0
5.14002,5.50263,20.0
5.15002,5.41551,20.0
5.16002,5.38225,20.0
5.17002,5.31386,20.0
5.18002,5.25934,20.0
5.19002,5.20969,20.0
5.20002,5.24691,20.0
5.21002,5.144,20.0
5.22002,5.08896,20.0
5.23002,5.0488,20.0
5.24003,5.02051,20.0
5.25003,4.94809,20.0
5.26003,4.94756,20.0
5.27003,4.87389,20.0
5.28003,4.83611,20.0
5.29003,4.84021,20.0
5.30003,4.77219,20.0
5.31003,4.69305,20.0
5.32003,4.65479,20.0
5.33003,4.58942,20.0
5.34003,4.54694,20.0
5.35003,4.53433,20.0
5.36003,4.50362,20.0
5.37003,4.4438,20.0
5.38003,4.38886,20.0
5.39003,4.34682,20.0
5.40003,4.33767,20.0
5.41003,4.25441,20.0
5.42003,4.24805,20.0
5.43003,4.21258,20.0
5.44003,4.09601,20.0
5.45003,4.11033,20.0
5.46003,4.07356,20.0
5.47003,4.01268,20.0
5.48003,3.93271,20.0
5.49003,3.88364,20.0
5.50003,3.84547,20.0
5.51003,3.8472,20.0
5.52003,3.74784,20.0
5.53003,3.70339,20.0
5.54003,3.63485,20.0
5.55003,3.63522,20.0
5.56003,3.57449,20.0
5.57003,3.52868,20.0
5.58003,3.46878,20.0
5.59003,3.4758,20.0
5.60003,3.36872,20.0
5.61003,3.37757,20.0
5.62003,3.34333,20.0
5.63003,3.30502,20.0
5.64003,3.18062,20.0
5.65003,3.19114,20.0
5.66003,3.13158,20.0
5.67003,3.11495,20.0
5.68004,3.02525,20.0
5.69004,2.99646,20.0
5.70004,2.90261,20.0
5.71004,2.82868,20.0
5.72004,2.85469,20.0
5.73004,2.80962,20.0
5.74004,2.76448,20.0
5.75004,2.71028,20.0
5.76004,2.64702,20.0
5.77004,2.56468,20.0
5.78004,2.58029,20.0
5.79004,2.52283,20.0
5.80004,2.46631,20.0
5.81004,2.40473,20.0
5.82004,2.33709,20.0
5.83004,2.3434,20.0
5.84004,2.23065,20.0
5.85004,2.15384,20.0
5.86004,2.11798,20.0
5.87004,2.12607,20.0
5.88004,2.04011,20.0
5.89004,1.97309,20.0
5.90004,1.96103,20.0
5.91004,1.89392,20.0
5.92004,1.89376,20.0
5.93004,1.82756,20.0
5.94004,1.73432,20.0
5.95004,1.71403,20.0
5.96004,1.6767,20.0
5.97004,1.62333,20.0
5.98004,1.57992,20.0
5.99004,1.53947,20.0
6.00004,1.47799,20.0
6.01004,1.39947,20.0
6.02004,1.32292,20.0
6.03004,1.26833,20.0
6.04004,1.25872,20.0
6.05004,1.24107,20.0
6.06004,1.18339,20.0
6.07004,1.07369,20.0
6.08004,1.09796,20.0
6.09004,1.0062,20.0
6.10004,1.01042,20.0
6.11004,0.872621,20.0
6.12005,0.885796,20.0
6.13005,0.832951,20.0
6.14005,0.791088,20.0
6.15005,0.672206,20.0
6.16005,0.627307,20.0
6.17005,0.613393,20.0
6.18005,0.532465,20.0
6.19005,0.522524,20.0
6.20005,0.433572,20.0
6.21005,0.419609,20.0
6.22005,0.405637,20.0
6.23005,0.318657,20.0
6.24005,0.25467,20.0
6.25005,0.214678,20.0
6.26005,0.199682,20.0
6.27005,0.076683,20.0
6.28005,0.0896823,20.0
6.29005,-0.0133188,20.0
6.30005,-0.048319,20.0
6.31005,-0.106317,20.0
6.32005,-0.0993118,20.0
6.33005,-0.141302,20.0
6.34005,-0.217286,20.0
6.35005,-0.291263,20.0
6.36005,-0.353232,20.0
6.37005,-0.380191,20.0
6.38005,-0.44514,20.0
6.39005,-0.451076,20.0
6.40005,-0.500999,20.0
6.41005,-0.549907,20.0
6.42005,-0.6688,20.0
6.43005,-0.637675,20.0
6.44005,-0.695532,20.0
6.45005,-0.79937,20.0
6.46005,-0.832186,20.0
6.47005,-0.910981,20.0
6.48005,-0.969752,20.0
6.49005,-0.943498,20.0
6.50005,-1.05722,20.0
6.51005,-1.04691,20.0
6.52005,-1.08458,20.0
6.53005,-1.15521,20.0
6.54005,-1.26582,20.0
6.55006,-1.28139,20.0
6.56006,-1.33993,20.0
6.57006,-1.41644,20.0
6.58006,-1.39091,20.0
6.59006,-1.50634,20.0
6.60006,-1.49873,20.0
6.61006,-1.54509,20.0
6.62006,-1.6364,20.0
6.63006,-1.65968,20.0
6.64006,-1.72891,20.0
6.65006,-1.82409,20.0
6.66006,-1.81023,20.0
6.67006,-1.90032,20.0
6.68006,-1.89337,20.0
6.69006,-1.97536,20.0
6.70006,-2.03331,20.0
6.71006,-2.0612,20.0
6.72006,-2.06804,20.0
6.73006,-2.13082,20.0
6.74006,-2.19355,20.0
6.75006,-2.29623,20.0
6.76006,-2.26984,20.0
6.77006,-2.3784,20.0
6.78006,-2.3609,20.0
6.79006,-2.47633,20.0
6.80006,-2.5107,20.0
6.81006,-2.52001,20.0
6.82006,-2.56626,20.0
6.83006,-2.66543,20.0
6.84006,-2.74654,20.0
6.85006,-2.79258,20.0
6.86006,-2.79455,20.0
6.87006,-2.81545,20.0
6.88006,-2.85328,20.0
6.89006,-2.89304,20.0
6.90006,-2.94372,20.0
6.91006,-3.00532,20.0
6.92006,-3.09385,20.0
6.93006,-3.09129,20.0
6.94006,-3.20666,20.0
6.95006,-3.25795,20.0
6.96006,-3.23316,20.0
6.97006,-3.31028,20.0
6.98006,-3.36132,20.0
6.99007,-3.40827,20.0
7.00007,-3.42014,20.0
7.01007,-3.47192,20.0
7.02007,-3.51661,20.0
7.03007,-3.57321,20.0
7.04007,-3.60572,20.0
7.05007,-3.73213,20.0
7.06007,-3.73446,20.0
7.07007,-3.73869,20.0
7.08007,-3.78282,20.0
7.09007,-3.85685,20.0
7.10007,-3.90179,20.0
7.11007,-3.94963,20.0
7.12007,-4.02537,20.0
7.13007,-4.011,20.0
7.14007,-4.07154,20.0
7.15007,-4.15597,20.0
7.16007,-4.15429,20.0
7.17007,-4.29051,20.0
7.18007,-4.29362,20.0
7.19007,-4.32762,20.0
7.20007,-4.34052,20.0
7.21007,-4.4683,20.0
7.22007,-4.42597,20.0
7.23007,-4.51453,20.0
7.24007,-4.58497,20.0
7.25007,-4.5583,20.0
7.26007,-4.64852,20.0
7.27007,-4.66761,20.0
7.28007,-4.73859,20.0
7.29007,-4.76444,20.0
7.30007,-4.77118,20.0
7.31007,-4.9118,20.0
7.32007,-4.87829,20.0
7.33007,-4.97366,20.0
7.34007,-4.9589,20.0
7.35007,-5.00702,20.0
7.36007,-5.07801,20.0
7.37007,-5.16787,20.0
7.38007,-5.1196,20.0
7.39007,-5.17621,20.0
7.40007,-5.23968,20.0
7.41007,-5.28502,20.0
7.42007,-5.35722,20.0
7.43008,-5.40529,20.0
7.44008,-5.39223,20.0
7.45008,-5.41302,20.0
7.46008,-5.50268,20.0
7.47008,-5.57521,20.0
7.48008,-5.62559,20.0
7.49008,-5.64883,20.0
7.50008,-5.67093,20.0
7.51008,-5.67488,20.0
7.52008,-5.7637,20.0
7.53008,-5.77236,20.0
7.54008,-5.84289,20.0
7.55008,-5.87426,20.0
7.56008,-5.95549,20.0
7.57008,-5.95656,20.0
7.58008,-6.01449,20.0
7.59008,-6.02427,20.0
7.60008,-6.04989,20.0
7.61008,-6.09936,20.0
7.62008,-6.17468,20.0
7.63008,-6.15784,20.0
7.64008,-6.19385,20.0
7.65008,-6.3077,20.0
7.66008,-6.31439,20.0
7.67008,-6.33592,20.0
7.68008,-6.4073,20.0
7.69008,-6.45051,20.0
7.70008,-6.47156,20.0
7.71008,-6.44745,20.0
7.72008,-6.52917,20.0
7.73008,-6.61173,20.0
7.74008,-6.58813,20.0
7.75008,-6.66035,20.0
7.76008,-6.64642,20.0
7.77008,-6.74831,20.0
7.78008,-6.79903,20.0
7.79008,-6.82758,20.0
7.80008,-6.79797,20.0
7.81008,-6.84417,20.0
7.82008,-6.87121,20.0
7.83008,-6.92408,20.0
7.84008,-6.94676,20.0
7.85008,-6.98628,20.0
7.86009,-7.07861,20.0
7.87009,-7.08377,20.0
7.88009,-7.09975,20.0
7.89009,-7.17156,20.0
7.90009,-7.18918,20.0
7.91009,-7.19162,20.0
7.92009,-7.27788,20.0
7.93009,-7.27796,20.0
7.94009,-7.35785,20.0
7.95009,-7.38456,20.0
7.96009,-7.37508,20.0
7.97009,-7.39742,20.0
7.98009,-7.49157,20.0
7.99009,-7.46954,20.0
8.00009,-7.54531,20.0
8.01009,-7.5619,20.0
8.02009,-7.55929,20.0
8.03009,-7.6555,20.0
8.04009,-7.69551,20.0
8.05009,-7.70734,20.0
8.06009,-7.71596,20.0
8.07009,-7.7704,20.0
8.08009,-7.78764,20.0
8.09009,-7.82168,20.0
8.10009,-7.83853,20.0
8.11009,-7.88218,20.0
8.12009,-7.86863,20.0
8.13009,-7.96589,20.0
8.14009,-7.99794,20.0
8.15009,-8.02379,20.0
8.16009,-8.02945,20.0
8.17009,-8.0789,20.0
8.18009,-8.11215,20.0
8.19009,-8.10419,20.0
8.20009,-8.18004,20.0
8.21009,-8.14267,20.0
8.22009,-8.15311,20.0
8.23009,-8.17733,20.0
8.24009,-8.24735,20.0
8.25009,-8.26916,20.0
8.26009,-8.34677,20.0
8.27009,-8.35016,20.0
8.28009,-8.33835,20.0
8.29009,-8.40432,20.0
8.30009,-8.40809,20.0
8.31009,-8.47564,20.0
8.3201,-8.46298,20.0
8.3301,-8.46911,20.0
8.3401,-8.52003,20.0
8.3501,-8.49973,20.0
8.3601,-8.52621,20.0
8.3701,-8.56748,20.0
8.3801,-8.60254,20.0
8.3901,-8.67437,20.0
8.4001,-8.658,20.0
8.4101,-8.6874,20.0
8.4201,-8.74858,20.0
8.4301,-8.71455,20.0
8.4401,-8.72929,20.0
8.4501,-8.81982,20.0
8.4601,-8.85212,20.0
8.4701,-8.8742,20.0
8.4801,-8.81106,20.0
8.4901,-8.8717,20.0
8.5001,-8.88711,20.0
8.5101,-8.88231,20.0
8.5201,-8.94527,20.0
8.5301,-8.92101,20.0
8.5401,-8.95553,20.0
8.5501,-9.05282,20.0
8.5601,-9.03088,20.0
8.5701,-9.07772,20.0
8.5801,-9.07233,20.0
8.5901,-9.08871,20.0
8.6001,-9.09786,20.0
8.6101,-9.14279,20.0
8.6201,-9.13748,20.0
8.6301,-9.21894,20.0
8.6401,-9.16718,20.0
8.6501,-9.21618,20.0
8.6601,-9.26695,20.0
8.6701,-9.23749,20.0
8.6801,-9.2678,20.0
8.6901,-9.26387,20.0
8.7001,-9.27471,20.0
8.7101,-9.31632,20.0
8.7201,-9.35269,20.0
8.7301,-9.39883,20.0
8.7401,-9.37173,20.0
8.7501,-9.3474,20.0
8.76011,-9.38783,20.0
8.77011,-9.45902,20.0
8.78011,-9.48298,20.0
8.79011,-9.4037,20.0
8.80011,-9.45018,20.0
8.81011,-9.50943,20.0
8.82011,-9.46344,20.0
8.83011,-9.53321,20.0
8.84011,-9.49573,20.0
8.85011,-9.54502,20.0
8.86011,-9.50907,20.0
8.87011,-9.60088,20.0
8.88011,-9.58245,20.0
8.89011,-9.62578,20.0
8.90011,-9.63187,20.0
8.91011,-9.64172,20.0
8.92011,-9.60532,20.0
8.93011,-9.65968,20.0
8.94011,-9.6248,20.0
8.95011,-9.64568,20.0
8.96011,-9.68332,20.0
8.97011,-9.70471,20.0
8.98011,-9.74785,20.0
8.99011,-9.75176,20.0
9.00011,-9.68342,20.0
9.01011,-9.69483,20.0
9.02011,-9.777,20.0
9.03011,-9.71593,20.0
9.04011,-9.79961,20.0
9.05011,-9.77704,20.0
9.06011,-9.77123,20.0
9.07011,-9.82618,20.0
9.08011,-9.83487,20.0
9.09011,-9.81933,20.0
9.10011,-9.82053,20.0
9.11011,-9.77849,20.0
9.12011,-9.7982,20.0
9.13011,-9.86966,20.0
9.14011,-9.89188,20.0
9.15011,-9.88085,20.0
9.16011,-9.81857,20.0
9.17011,-9.89504,20.0
9.18011,-9.87827,20.0
9.19011,-9.84825,20.0
9.20012,-9.91897,20.0
9.21012,-9.89546,20.0
9.22012,-9.85769,20.0
9.23012,-9.91467,20.0
9.24012,-9.8934,20.0
9.25012,-9.86689,20.0
9.26012,-9.92513,20.0
9.27012,-9.89312,20.0
9.28012,-9.95685,20.0
9.29012,-9.94534,20.0
9.30012,-9.96558,20.0
9.31012,-9.97357,20.0
9.32012,-9.96131,20.0
9.33012,-9.9038,20.0
9.34012,-9.97704,20.0
9.35012,-9.92203,20.0
9.36012,-9.98877,20.0
9.37012,-9.94327,20.0
9.38012,-9.95751,20.0
9.39012,-9.9005,20.0
9.40012,-9.95524,20.0
9.41012,-9.99073,20.0
9.42012,-9.99497,20.0
9.43012,-9.97696,20.0
9.44012,-9.92271,20.0
9.45012,-9.9192,20.0
9.46012,-9.91844,20.0
9.47012,-9.92943,20.0
9.48012,-9.93817,20.0
9.49012,-9.92466,20.0
9.50012,-9.8969,20.0
9.51012,-9.9399,20.0
9.52012,-9.94564,20.0
9.53012,-9.92013,20.0
9.54012,-9.94537,20.0
9.55012,-9.90737,20.0
9.56012,-9.94611,20.0
9.57012,-9.92161,20.0
9.58012,-9.93585,20.0
9.59012,-9.88485,20.0
9.60012,-9.89959,20.0
9.61012,-9.85909,20.0
9.62012,-9.95134,20.0
9.63013,-9.90834,20.0
9.64013,-9.84409,20.0
9.65013,-9.92559,20.0
9.66013,-9.84684,20.0
9.67013,-9.85185,20.0
9.68013,-9.86061,20.0
9.69013,-9.89612,20.0
9.70013,-9.86238,20.0
9.71013,-9.82039,20.0
9.72013,-9.81716,20.0
9.73013,-9.84668,20.0
9.74013,-9.84695,20.0
9.75013,-9.85298,20.0
9.76013,-9.78875,20.0
9.77013,-9.78429,20.0
9.78013,-9.78557,20.0
9.79013,-9.79861,20.0
9.80013,-9.76941,20.0
9.81013,-9.72295,20.0
9.82013,-9.75726,20.0
9.83013,-9.79132,20.0
9.84013,-9.69413,20.0
9.85013,-9.7107,20.0
9.86013,-9.68602,20.0
9.87013,-9.7451,20.0
9.88013,-9.68693,20.0
9.89013,-9.66353,20.0
9.90013,-9.64588,20.0
9.91013,-9.68198,20.0
9.92013,-9.69385,20.0
9.93013,-9.65647,20.0
9.94013,-9.60485,20.0
9.95013,-9.56998,20.0
9.96013,-9.54488,20.0
9.97013,-9.60653,20.0
9.98013,-9.60095,20.0
9.99013,-9.55412,20.0
10.0001,-9.57905,20.0
10.0101,-9.52175,20.0
10.0201,-9.5372,20.0
10.0301,-9.48742,20.0
10.0401,-9.47739,20.0
10.0501,-9.51313,20.0
10.0601,-9.44463,20.0
10.0701,-9.42489,20.0
10.0801,-9.46192,20.0
10.0901,-9.36471,20.0
10.1001,-9.37826,20.0
10.1101,-9.41558,20.0
10.1201,-9.31966,20.0
10.1301,-9.30051,20.0
10.1401,-9.28012,20.0
10.1501,-9.3395,20.0
10.1601,-9.28964,20.0
10.1701,-9.24355,20.0
10.1801,-9.23423,20.0
10.1901,-9.19067,20.0
10.2001,-9.25689,20.0
10.2101,-9.19087,20.0
10.2201,-9.12262,20.0
10.2301,-9.12514,20.0
10.2401,-9.13943,20.0
10.2501,-9.14249,20.0
10.2601,-9.06032,20.0
10.2701,-9.04393,20.0
10.2801,-9.0843,20.0
10.2901,-9.04545,20.0
10.3001,-9.00337,20.0
10.3101,-8.94206,20.0
10.3201,-8.95953,20.0
10.3301,-8.92278,20.0
10.3401,-8.87879,20.0
10.3501,-8.92659,20.0
10.3601,-8.87316,20.0
10.3701,-8.9025,20.0
10.3801,-8.85763,20.0
10.3901,-8.77953,20.0
10.4001,-8.74421,20.0
10.4101,-8.79067,20.0
10.4201,-8.74491,20.0
10.4301,-8.69593,20.0
10.4401,-8.68673,20.0
10.4501,-8.62432,20.0
10.4601,-8.60768,20.0
10.4701,-8.58983,20.0
10.4801,-8.58076,20.0
10.4901,-8.52247,20.0
10.5001,-8.51697,20.0
10.5101,-8.52126,20.0
10.5201,-8.52633,20.0
10.5301,-8.44919,20.0
10.5401,-8.39083,20.0
10.5501,-8.44226,20.0
10.5601,-8.35648,20.0
10.5701,-8.38049,20.0
10.5801,-8.29329,20.0
10.5901,-8.34388,20.0
10.6001,-8.24327,20.0
10.6101,-8.22144,20.0
10.6201,-8.25941,20.0
10.6301,-8.17217,20.0
10.6401,-8.14372,20.0
10.6501,-8.13907,20.0
10.6601,-8.07521,20.0
10.6701,-8.04215,20.0
10.6801,-8.01989,20.0
10.6901,-8.03042,20.0
10.7001,-7.94876,20.0
10.7101,-7.98789,20.0
10.7201,-7.88282,20.0
10.7302,-7.84655,20.0
10.7402,-7.86609,20.0
10.7502,-7.82642,20.0
10.7602,-7.79956,20.0
10.7702,-7.80151,20.0
10.7802,-7.77625,20.0
10.7902,-7.7388,20.0
10.8002,-7.71616,20.0
10.8102,-7.69033,20.0
10.8202,-7.6333,20.0
10.8302,-7.54208,20.0
10.8402,-7.52067,20.0
10.8502,-7.56307,20.0
10.8602,-7.51628,20.0
10.8702,-7.48531,20.0
10.8802,-7.41214,20.0
10.8902,-7.37379,20.0
10.9002,-7.39526,20.0
10.9102,-7.31353,20.0
10.9202,-7.27863,20.0
10.9302,-7.28754,20.0
10.9402,-7.22527,20.0
10.9502,-7.16081,20.0
10.9602,-7.16418,20.0
10.9702,-7.15636,20.0
10.9802,-7.09137,20.0
10.9902,-7.0042,20.0
11.0002,-7.01985,20.0
11.0102,-7.00332,20.0
11.0202,-6.93862,20.0
11.0302,-6.88275,20.0
11.0402,-6.8847,20.0
11.0502,-6.79948,20.0
11.0602,-6.80508,20.0
11.0702,-6.80252,20.0
11.0802,-6.68678,20.0
11.0902,-6.72688,20.0
11.1002,-6.63281,20.0
11.1102,-6.60357,20.0
11.1202,-6.54716,20.0
11.1302,-6.53459,20.0
11.1402,-6.48886,20.0
11.1502,-6.45696,20.0
11.1602,-6.4149,20.0
11.1702,-6.40967,20.0
11.1802,-6.37629,20.0
11.1902,-6.26774,20.0
11.2002,-6.25104,20.0
11.2102,-6.24318,20.0
11.2202,-6.21416,20.0
11.2302,-6.12999,20.0
11.2402,-6.07666,20.0
11.2502,-6.07518,20.0
11.2602,-6.00155,20.0
11.2702,-5.96976,20.0
11.2802,-5.95382,20.0
11.2902,-5.90973,20.0
11.3002,-5.8595,20.0
11.3102,-5.85611,20.0
11.3202,-5.73958,20.0
11.3302,-5.7789,20.0
11.3402,-5.70808,20.0
11.3502,-5.62612,20.0
11.3602,-5.62501,20.0
11.3702,-5.62976,20.0
11.3802,-5.52037,20.0
11.3902,-5.50483,20.0
11.4002,-5.47416,20.0
11.4102,-5.38636,20.0
11.4202,-5.37541,20.0
11.4302,-5.33433,20.0
11.4402,-5.30312,20.0
11.4502,-5.23177,20.0
11.4602,-5.20629,20.0
11.4702,-5.15868,20.0
11.4802,-5.15894,20.0
11.4902,-5.03007,20.0
11.5002,-5.05507,20.0
11.5102,-5.03694,20.0
11.5202,-4.97469,20.0
11.5302,-4.93931,20.0
11.5402,-4.81881,20.0
11.5502,-4.84819,20.0
11.5602,-4.78544,20.0
11.5702,-4.75458,20.0
11.5802,-4.64759,20.0
11.5902,-4.67249,20.0
11.6002,-4.59427,20.0
11.6102,-4.56093,20.0
11.6202,-4.52948,20.0
11.6302,-4.48091,20.0
11.6402,-4.38124,20.0
11.6502,-4.40545,20.0
11.6602,-4.35254,20.0
11.6702,-4.28553,20.0
11.6802,-4.26942,20.0
11.6902,-4.20419,20.0
11.7002,-4.16786,20.0
11.7102,-4.12642,20.0
11.7202,-4.00688,20.0
11.7302,-3.98924,20.0
11.7402,-3.92549,20.0
11.7502,-3.91465,20.0
11.7602,-3.8427,20.0
11.7702,-3.82566,20.0
11.7802,-3.79852,20.0
11.7902,-3.71129,20.0
11.8002,-3.69896,20.0
11.8102,-3.67253,20.0
11.8202,-3.63502,20.0
11.8302,-3.50841,20.0
11.8402,-3.50971,20.0
11.8502,-3.44293,20.0
11.8602,-3.41106,20.0
11.8702,-3.3571,20.0
11.8802,-3.28005,20.0
11.8902,-3.29992,20.0
11.9002,-3.17271,20.0
11.9102,-3.20542,20.0
11.9202,-3.10904,20.0
11.9302,-3.09159,20.0
11.9402,-3.06506,20.0
11.9502,-2.98545,20.0
11.9602,-2.97677,20.0
11.9702,-2.92001,20.0
11.9802,-2.82417,20.0
11.9902,-2.78027,20.0
12.0002,-2.75329,20.0
12.0102,-2.67525,20.0
12.0202,-2.69713,20.0
12.0302,-2.64895,20.0
12.0402,-2.5667,20.0
12.0502,-2.51739,20.0
12.0602,-2.41902,20.0
12.0702,-2.37858,20.0
12.0802,-2.37708,20.0
12.0902,-2.27751,20.0
12.1002,-2.23089,20.0
12.1102,-2.23822,20.0
12.1202,-2.12048,20.0
12.1302,-2.10169,20.0
12.1402,-2.03185,20.0
12.1502,-2.02795,20.0
12.1602,-1.92901,20.0
12.1702,-1.95001,20.0
12.1802,-1.84396,20.0
12.1902,-1.81386,20.0
12.2002,-1.75472,20.0
12.2102,-1.74353,20.0
12.2202,-1.7183,20.0
12.2302,-1.64203,20.0
12.2402,-1.58871,20.0
12.2502,-1.48735,20.0
12.2602,-1.46695,20.0
12.2702,-1.38152,20.0
12.2802,-1.36305,20.0
12.2902,-1.28454,20.0
12.3002,-1.318,20.0
12.3102,-1.22742,20.0
12.3202,-1.16581,20.0
12.3302,-1.12918,20.0
12.3402,-1.05551,20.0
12.3502,-1.07181,20.0
12.3602,-1.02109,20.0
12.3702,-0.912342,20.0
12.3802,-0.851569,20.0
12.3902,-0.790773,20.0
12.4002,-0.735955,20.0
12.4102,-0.734116,20.0
12.4202,-0.639258,20.0
12.4302,-0.594381,20.0
12.4402,-0.550488,20.0
12.4502,-0.552578,20.0
12.4602,-0.496655,20.0
12.4702,-0.410717,20.0
12.4802,-0.370768,20.0
12.4902,-0.345808,20.0
12.5002,-0.245839,20.0
12.5102,-0.211861,20.0
12.5202,-0.135877,20.0
12.5302,-0.0938861,20.0
12.5402,-0.104891,20.0
12.5502,-0.0258928,20.0
12.5602,0.000107518,20.0
12.5702,0.0851086,20.0
12.5802,0.0791092,20.0
12.5902,0.179108,20.0
12.6002,0.200104,20.0
12.6102,0.317096,20.0
12.6202,0.362082,20.0
12.6302,0.398061,20.0
12.6402,0.459033,20.0
12.6502,0.510995,20.0
12.6602,0.549947,20.0
12.6702,0.617887,20.0
12.6802,0.595814,20.0
12.6902,0.657727,20.0
12.7002,0.710624,20.0
12.7102,0.799505,20.0
12.7202,0.860368,20.0
12.7302,0.915211,20.0
12.7402,0.945034,20.0
12.7502,0.975836,20.0
12.7602,1.00861,20.0
12.7702,1.08837,20.0
12.7802,1.0771,20.0
12.7902,1.2088,20.0
12.8002,1.20647,20.0
12.8102,1.28312,20.0
12.8202,1.36473,20.0
12.8302,1.32332,20.0
12.8402,1.38387,20.0
12.8502,1.42438,20.0
12.8602,1.53186,20.0
12.8702,1.56931,20.0
12.8802,1.62071,20.0
12.8902,1.69908,20.0
12.9002,1.69441,20.0
12.9102,1.77869,20.0
12.9202,1.79693,20.0
12.9302,1.84113,20.0
12.9402,1.91429,20.0
12.9502,1.91939,20.0
12.9602,1.98445,20.0
12.9702,2.02846,20.0
12.9802,2.08842,20.0
12.9902,2.18133,20.0
13.0002,2.16719,20.0
13.0102,2.23899,20.0
13.0202,2.30474,20.0
13.0302,2.30043,20.0
13.0402,2.44006,20.0
13.0502,2.40364,20.0
13.0602,2.50915,20.0
13.0702,2.49361,20.0
13.0802,2.542,20.0
13.0902,2.65532,20.0
13.1002,2.64359,20.0
13.1102,2.74379,20.0
13.1202,2.78592,20.0
13.1302,2.86198,20.0
13.1402,2.84297,20.0
13.1502,2.94089,20.0
13.1602,2.96174,20.0
13.1702,3.00752,20.0
13.1802,3.06322,20.0
13.1902,3.14685,20.0
13.2002,3.1764,20.0
13.2102,3.18387,20.0
13.2202,3.30126,20.0
13.2302,3.33457,20.0
13.2402,3.3318,20.0
13.2502,3.35595,20.0
13.2602,3.42102,20.0
13.2702,3.516,20.0
13.2802,3.56289,20.0
13.2902,3.5547,20.0
13.3002,3.68641,20.0
13.3102,3.63704,20.0
13.3202,3.77458,20.0
13.3302,3.76502,20.0
13.3402,3.83338,20.0
13.3502,3.81963,20.0
13.3602,3.9168,20.0
13.3702,4.00086,20.0
13.3802,3.96883,20.0
13.3902,4.0467,20.0
13.4002,4.11247,20.0
13.4102,4.10213,20.0
13.4202,4.1977,20.0
13.4302,4.19116,20.0
13.4402,4.27152,20.0
13.4502,4.29377,20.0
13.4602,4.41191,20.0
13.4702,4.43895,20.0
13.4802,4.45587,20.0
13.4902,4.53169,20.0
13.5002,4.54239,20.0
13.5102,4.56199,20.0
13.5202,4.60047,20.0
13.5302,4.66583,20.0
13.5402,4.72808,20.0
13.5502,4.72421,20.0
13.5602,4.76722,20.0
13.5702,4.87112,20.0
13.5802,4.91589,20.0
13.5902,4.89954,20.0
13.6002,5.00207,20.0
13.6102,5.03248,20.0
13.6202,5.02976,20.0
13.6302,5.08292,20.0
13.6402,5.12594,20.0
13.6502,5.19985,20.0
13.6602,5.25262,20.0
13.6702,5.28526,20.0
13.6802,5.30177,20.0
13.6902,5.34815,20.0
13.7002,5.4344,20.0
13.7102,5.42351,20.0
13.7202,5.53548,20.0
13.7302,5.50132,20.0
13.7402,5.63203,20.0
13.7502,5.62359,20.0
13.7602,5.67201,20.0
13.7702,5.7493,20.0
13.7802,5.71444,20.0
13.7902,5.83544,20.0
13.8002,5.8793,20.0
13.8102,5.84001,20.0
13.8202,5.88557,20.0
13.8302,5.98399,20.0
13.8402,6.02226,20.0
13.8502,6.06439,20.0
13.8602,6.02736,20.0
13.8702,6.15318,20.0
13.8802,6.12085,20.0
13.8902,6.22737,20.0
13.9002,6.20774,20.0
13.9102,6.29695,20.0
13.9202,6.333,20.0
13.9302,6.3999,20.0
13.9402,6.39164,20.0
13.9502,6.39622,20.0
13.9602,6.46364,20.0
13.9702,6.4789,20.0
13.9802,6.589,20.0
13.9902,6.59594,20.0
14.0002,6.60171,20.0
14.0102,6.65832,20.0
14.0202,6.67977,20.0
14.0302,6.68705,20.0
14.0402,6.79816,20.0
14.0502,6.8241,20.0
14.0602,6.79588,20.0
14.0702,6.86048,20.0
14.0802,6.88992,20.0
14.0902,6.97918,20.0
14.1002,6.95527,20.0
14.1102,7.00018,20.0
14.1202,7.06093,20.0
14.1302,7.08349,20.0
14.1402,7.16788,20.0
14.1502,7.2141,20.0
14.1602,7.19513,20.0
14.1702,7.24099,20.0
14.1802,7.31567,20.0
14.1902,7.30516,20.0
14.2002,7.33848,20.0
14.2102,7.34961,20.0
14.2202,7.37856,20.0
14.2302,7.43632,20.0
14.2402,7.4359,20.0
14.2502,7.4653,20.0
14.2602,7.52451,20.0
14.2702,7.53653,20.0
14.2802,7.60536,20.0
14.2902,7.63401,20.0
14.3002,7.63246,20.0
14.3102,7.73773,20.0
14.3202,7.7698,20.0
14.3302,7.76568,20.0
14.3402,7.77636,20.0
14.3502,7.87286,20.0
14.3602,7.87216,20.0
14.3702,7.87326,20.0
14.3802,7.93417,20.0
14.3902,7.97688,20.0
14.4002,8.03539,20.0
14.4102,8.02871,20.0
14.4202,8.03982,20.0
14.4302,8.08174,20.0
14.4402,8.06945,20.0
14.4502,8.13796,20.0
14.4602,8.21327,20.0
14.4702,8.20038,20.0
14.4802,8.24929,20.0
14.4902,8.30099,20.0
14.5002,8.25448,20.0
14.5102,8.27577,20.0
14.5202,8.38185,20.0
14.5302,8.37673,20.0
14.5402,8.41039,20.0
14.5502,8.42685,20.0
14.5602,8.4811,20.0
14.5702,8.42514,20.0
14.5802,8.53597,20.0
14.5902,8.49159,20.0
14.6002,8.54499,20.0
14.6102,8.58819,20.0
14.6202,8.62217,20.0
14.6302,8.63293,20.0
14.6402,8.66148,20.0
14.6502,8.71382,20.0
14.6602,8.70194,20.0
14.6702,8.75584,20.0
14.6802,8.72953,20.0
14.6902,8.767,20.0
14.7002,8.81025,20.0
14.7102,8.78928,20.0
14.7202,8.83709,20.0
14.7302,8.90068,20.0
14.7402,8.88506,20.0
14.7502,8.88621,20.0
14.7602,8.96513,20.0
14.7702,9.00484,20.0
14.7802,9.03932,20.0
14.7902,9.01158,20.0
14.8002,9.00961,20.0
14.8102,9.09942,20.0
14.8202,9.12801,20.0
14.8302,9.09137,20.0
14.8402,9.1595,20.0
14.8502,9.18541,20.0
14.8602,9.17708,20.0
14.8702,9.20454,20.0
14.8802,9.21376,20.0
14.8902,9.22275,20.0
14.9002,9.27351,20.0
14.9102,9.21505,20.0
14.9202,9.28735,20.0
14.9302,9.34242,20.0
14.9402,9.36527,20.0
14.9502,9.31787,20.0
14.9602,9.33725,20.0
14.9702,9.3734,20.0
14.9802,9.38831,20.0
14.9902,9.39299,20.0
15.0002,9.43943,20.0
15.0102,9.41064,20.0
15.0202,9.41561,20.0
15.0302,9.47235,20.0
15.0402,9.53485,20.0
15.0502,9.51012,20.0
15.0602,9.53415,20.0
15.0702,9.53694,20.0
15.0802,9.5245,20.0
15.0903,9.55982,20.0
15.1003,9.6239,20.0
15.1103,9.58974,20.0
15.1203,9.60134,20.0
15.1303,9.6077,20.0
15.1403,9.62983,20.0
15.1503,9.65571,20.0
15.1603,9.70535,20.0
15.1703,9.65075,20.0
15.1803,9.74792,20.0
15.1903,9.73984,20.0
15.2003,9.68251,20.0
15.2103,9.71995,20.0
15.2203,9.77914,20.0
15.2303,9.72009,20.0
15.2403,9.7538,20.0
15.2503,9.81027,20.0
15.2603,9.78849,20.0
15.2703,9.77747,20.0
15.2803,9.8502,20.0
15.2903,9.83669,20.0
15.3003,9.83194,20.0
15.3103,9.89294,20.0
15.3203,9.83869,20.0
15.3303,9.8332,20.0
15.3403,9.83546,20.0
15.3503,9.86348,20.0
15.3603,9.94026,20.0
15.3703,9.89778,20.0
15.3803,9.91906,20.0
15.3903,9.93809,20.0
15.4003,9.92488,20.0
15.4103,9.93642,20.0
15.4203,9.95171,20.0
15.4303,9.91975,20.0
15.4403,9.99755,20.0
15.4503,9.9211,20.0
15.4603,9.9354,20.0
15.4703,10.0095,20.0
15.4803,9.97626,20.0
15.4903,9.97081,20.0
15.5003,9.99212,20.0
15.5103,9.97218,20.0
15.5203,10.033,20.0
15.5303,9.96355,20.0
15.5403,10.0379,20.0
15.5503,10.0479,20.0
15.5603,10.0367,20.0
15.5703,10.0073,20.0
15.5803,10.0716,20.0
15.5903,10.0807,20.0
15.6003,9.9985,20.0
15.6103,10.0081,20.0
15.6203,10.0194,20.0
15.6303,10.0815,20.0
15.6403,10.0413,20.0
15.6503,10.0448,20.0
15.6603,10.0392,20.0
15.6703,10.0932,20.0
15.6803,10.028,20.0
15.6903,10.0766,20.0
15.7003,10.0619,20.0
15.7103,10.039,20.0
15.7203,10.0328,20.0
15.7303,10.0244,20.0
15.7403,10.0127,20.0
15.7503,10.0138,20.0
15.7603,10.0566,20.0
15.7703,10.0901,20.0
15.7803,10.0325,20.0
15.7903,10.0495,20.0
15.8003,9.99635,20.0
15.8103,9.98792,20.0
15.8203,10.0772,20.0
15.8303,9.99731,20.0
15.8403,10.0431,20.0
15.8503,10.0537,20.0
15.8603,9.99502,20.0
15.8703,10.0451,20.0
15.8803,10.0449,20.0
15.8903,10.0235,20.0
15.9003,10.0398,20.0
15.9103,10.0139,20.0
15.9203,9.96071,20.0
15.9303,9.98429,20.0
15.9403,9.97662,20.0
15.9503,9.9927,20.0
15.9603,9.95653,20.0
15.9703,10.0021,20.0
15.9803,10.0025,20.0
15.9903,9.92754,20.0
16.0003,9.99238,20.0
16.0103,9.91498,20.0
16.0203,9.96933,20.0
16.0303,9.89643,20.0
16.0403,9.92428,20.0
16.0503,9.85689,20.0
16.0603,9.86425,20.0
16.0703,9.90636,20.0
16.0803,9.85923,20.0
16.0903,9.90285,20.0
16.1003,9.81423,20.0
16.1103,9.82936,20.0
16.1203,9.79325,20.0
16.1303,9.85889,20.0
16.1403,9.76829,20.0
16.1503,9.81745,20.0
16.1603,9.76336,20.0
16.1703,9.77702,20.0
16.1803,9.79145,20.0
16.1903,9.78263,20.0
16.2003,9.77956,20.0
16.2103,9.71626,20.0
16.2203,9.73971,20.0
16.2303,9.69492,20.0
16.2403,9.73989,20.0
16.2503,9.69462,20.0
16.2603,9.6731,20.0
16.2703,9.69135,20.0
16.2803,9.62236,20.0
16.2903,9.67212,20.0
16.3003,9.58765,20.0
16.3103,9.63694,20.0
16.3203,9.58799,20.0
16.3303,9.5848,20.0
16.3403,9.57837,20.0
16.3503,9.55171,20.0
16.3603,9.5148,20.0
16.3703,9.47766,20.0
16.3803,9.50929,20.0
16.3903,9.44368,20.0
16.4003,9.49283,20.0
16.4103,9.40575,20.0
16.4203,9.37843,20.0
16.4303,9.35588,20.0
16.4403,9.42509,20.0
16.4503,9.41608,20.0
16.4603,9.30083,20.0
16.4703,9.28434,20.0
16.4803,9.35762,20.0
16.4903,9.26668,20.0
16.5003,9.3165,20.0
16.5103,9.26509,20.0
16.5203,9.25845,20.0
16.5303,9.25458,20.0
16.5403,9.19048,20.0
16.5503,9.20315,20.0
16.5603,9.1646,20.0
16.5703,9.15081,20.0
16.5803,9.1108,20.0
16.5903,9.12657,20.0
16.6003,9.1081,20.0
16.6103,9.00542,20.0
16.6203,9.0705,20.0
16.6303,9.00836,20.0
16.6403,9.0,20.0
16.6503,8.95742,20.0
16.6603,8.94461,20.0
16.6703,8.87958,20.0
16.6803,8.86833,20.0
16.6903,8.87386,20.0
16.7003,8.87116,20.0
16.7103,8.77925,20.0
16.7203,8.83712,20.0
16.7303,8.77277,20.0
16.7403,8.7932,20.0
16.7503,8.76541,20.0
16.7603,8.71941,20.0
16.7703,8.70319,20.0
16.7803,8.63575,20.0
16.7903,8.6201,20.0
16.8003,8.60924,20.0
16.8103,8.56016,20.0
16.8203,8.50787,20.0
16.8303,8.50837,20.0
16.8403,8.50565,20.0
16.8503,8.41473,20.0
16.8603,8.42759,20.0
16.8703,8.39024,20.0
16.8803,8.39669,20.0
16.8903,8.35192,20.0
16.9003,8.36495,20.0
16.9103,8.31778,20.0
16.9203,8.28839,20.0
16.9303,8.2328,20.0
16.9403,8.17701,20.0
16.9503,8.18801,20.0
16.9603,8.11381,20.0
16.9703,8.07941,20.0
16.9803,8.0508,20.0
16.9903,8.09999,20.0
17.0003,8.02499,20.0
17.0103,7.96778,20.0
17.0203,7.92737,20.0
17.0303,7.98777,20.0
17.0403,7.95897,20.0
17.0503,7.83497,20.0
17.0603,7.82178,20.0
17.0703,7.79839,20.0
17.0803,7.83581,20.0
17.0903,7.71803,20.0
17.1003,7.70606,20.0
17.1103,7.6839,20.0
17.1203,7.65055,20.0
17.1303,7.59301,20.0
17.1403,7.56028,20.0
17.1503,7.57236,20.0
17.1603,7.56225,20.0
17.1703,7.51596,20.0
17.1803,7.46648,20.0
17.1903,7.45681,20.0
17.2003,7.43996,20.0
17.2103,7.31992,20.0
17.2203,7.33571,20.0
17.2303,7.25831,20.0
17.2403,7.26273,20.0
17.2503,7.20997,20.0
17.2603,7.22703,20.0
17.2703,7.17091,20.0
17.2803,7.12562,20.0
17.2903,7.05015,20.0
17.3003,7.0805,20.0
17.3103,7.05468,20.0
17.3203,6.92668,20.0
17.3303,6.94951,20.0
17.3403,6.87517,20.0
17.3503,6.86366,20.0
17.3603,6.87398,20.0
17.3703,6.78912,20.0
17.3803,6.7271,20.0
17.3903,6.66991,20.0
17.4003,6.66856,20.0
17.4103,6.68304,20.0
17.4203,6.57335,20.0
17.4303,6.5365,20.0
17.4403,6.55049,20.0
17.4503,6.46432,20.0
17.4603,6.42298,20.0
17.4703,6.37348,20.0
17.4803,6.32383,20.0
17.4903,6.37402,20.0
17.5003,6.25105,20.0
17.5103,6.30192,20.0
17.5203,6.23764,20.0
17.5303,6.14721,20.0
17.5403,6.09662,20.0
17.5503,6.12688,20.0
17.5603,6.00998,20.0
17.5703,5.97994,20.0
17.5803,5.95775,20.0
17.5903,5.97341,20.0
17.6003,5.88293,20.0
17.6103,5.85729,20.0
17.6203,5.82951,20.0
17.6303,5.79559,20.0
17.6403,5.71453,20.0
17.6503,5.66532,20.0
17.6603,5.60197,20.0
17.6703,5.63948,20.0
17.6803,5.60485,20.0
17.6903,5.57109,20.0
17.7003,5.49918,20.0
17.7103,5.49215,20.0
17.7203,5.35797,20.0
17.7303,5.34567,20.0
17.7403,5.30023,20.0
17.7503,5.24565,20.0
17.7603,5.22795,20.0
17.7703,5.14912,20.0
17.7803,5.14916,20.0
17.7903,5.12907,20.0
17.8003,5.07786,20.0
17.8103,4.97952,20.0
17.8203,4.98306,20.0
17.8303,4.87847,20.0
17.8403,4.88976,20.0
17.8503,4.88493,20.0
17.8603,4.75098,20.0
17.8703,4.74792,20.0
17.8803,4.75473,20.0
17.8903,4.63243,20.0
17.9003,4.64501,20.0
17.9103,4.55348,20.0
17.9203,4.48584,20.0
17.9303,4.46108,20.0
17.9403,4.42921,20.0
17.9503,4.37824,20.0
17.9603,4.34815,20.0
17.9703,4.30096,20.0
17.9803,4.27366,20.0
17.9903,4.23125,20.0
18.0003,4.13474,20.0
18.0103,4.07413,20.0
18.0203,4.05242,20.0
18.0303,4.0506,20.0
18.0403,4.00869,20.0
18.0503,3.91667,20.0
18.0603,3.86456,20.0
18.0703,3.86236,20.0
18.0803,3.79606,20.0
18.0903,3.71666,20.0
18.1003,3.68818,20.0
18.1103,3.6996,20.0
18.1203,3.65893,20.0
18.1303,3.61517,20.0
18.1403,3.49432,20.0
18.1503,3.44539,20.0
18.1603,3.47537,20.0
18.1703,3.36727,20.0
18.1803,3.33408,20.0
18.1903,3.31081,20.0
18.2003,3.22346,20.0
18.2103,3.22803,20.0
18.2203,3.16152,20.0
18.2303,3.08994,20.0
18.2403,3.08428,20.0
18.2503,3.02654,20.0
18.2603,2.95473,20.0
18.2703,2.88085,20.0
18.2803,2.84689,20.0
18.2903,2.79187,20.0
18.3003,2.76578,20.0
18.3103,2.74961,20.0
18.3203,2.66439,20.0
18.3303,2.62909,20.0
18.3403,2.60374,20.0
18.3503,2.56732,20.0
18.3603,2.46683,20.0
18.3703,2.44329,20.0
18.3803,2.41569,20.0
18.3903,2.33503,20.0
18.4003,2.29131,20.0
18.4103,2.19654,20.0
18.4203,2.13671,20.0
18.4303,2.13483,20.0
18.4403,2.1149,20.0
18.4503,2.01092,20.0
18.4603,1.98488,20.0
18.4703,1.9578,20.0
18.4803,1.86167,20.0
18.4903,1.8785,20.0
18.5003,1.81628,20.0
18.5103,1.69902,20.0
18.5203,1.70571,20.0
18.5303,1.63337,20.0
18.5403,1.62798,20.0
18.5503,1.53056,20.0
18.5603,1.4621,20.0
18.5703,1.4046,20.0
18.5803,1.40807,20.0
18.5903,1.3625,20.0
18.6003,1.34191,20.0
18.6103,1.21228,20.0
18.6203,1.20762,20.0
18.6303,1.09693,20.0
18.6403,1.10522,20.0
18.6503,1.09148,20.0
18.6603,0.94671,20.0
18.6703,0.947921,20.0
18.6803,0.932109,20.0
18.6903,0.887277,20.0
18.7003,0.759424,20.0
18.7103,0.746553,20.0
18.7203,0.660665,20.0
18.7303,0.65276,20.0
18.7403,0.62684,20.0
18.7503,0.503907,20.0
18.7603,0.448962,20.0
18.7703,0.485005,20.0
18.7803,0.396038,20.0
18.7903,0.324063,20.0
18.8003,0.26808,20.0
18.8103,0.257091,20.0
18.8203,0.238097,20.0
18.8303,0.1131,20.0
18.8403,0.0911002,20.0
18.8503,0.0650992,20.0
18.8603,0.0410983,20.0
18.8703,-0.0549012,20.0
18.8803,-0.0588981,20.0
18.8903,-0.187891,20.0
18.9003,-0.217879,20.0
18.9103,-0.210861,20.0
18.9203,-0.329835,20.0
18.9303,-0.4008,20.0
18.9403,-0.426755,20.0
18.9503,-0.477699,20.0
18.9603,-0.51563,20.0
18.9703,-0.577547,20.0
18.9803,-0.64945,20.0
18.9903,-0.666336,20.0
19.0003,-0.748204,20.0
19.0103,-0.758053,20.0
19.0203,-0.791883,20.0
19.0303,-0.840691,20.0
19.0403,-0.917476,20.0
19.0503,-0.971238,20.0
19.0603,-0.976975,20.0
19.0703,-1.02469,20.0
19.0803,-1.05837,20.0
19.0903,-1.16602,20.0
19.1003,-1.23765,20.0
19.1103,-1.21424,20.0
19.1203,-1.2738,20.0
19.1303,-1.32933,20.0
19.1403,-1.37682,20.0
19.1503,-1.46927,20.0
19.1603,-1.48169,20.0
19.1703,-1.55107,20.0
19.1803,-1.60641,20.0
19.1903,-1.65671,20.0
19.2003,-1.65296,20.0
19.2103,-1.74917,20.0
19.2203,-1.77234,20.0
19.2303,-1.88446,20.0
19.2403,-1.88654,20.0
19.2503,-1.90956,20.0
19.2603,-1.97854,20.0
19.2703,-2.00046,20.0
19.2803,-2.09433,20.0
19.2903,-2.14215,20.0
19.3003,-2.15392,20.0
19.3103,-2.26762,20.0
19.3203,-2.31528,20.0
19.3303,-2.37887,20.0
19.3403,-2.3584,20.0
19.3503,-2.45387,20.0
19.3603,-2.44328,20.0
19.3703,-2.56863,20.0
19.3803,-2.56992,20.0
19.3903,-2.58613,20.0
19.4003,-2.64428,20.0
19.4103,-2.76537,20.0
19.4203,-2.75938,20.0
19.4303,-2.84332,20.0
19.4403,-2.8802,20.0
19.4503,-2.92599,20.0
19.4604,-2.99372,20.0
19.4704,-2.99837,20.0
19.4804,-3.07894,20.0
19.4904,-3.07144,20.0
19.5004,-3.19185,20.0
19.5104,-3.21519,20.0
19.5204,-3.23545,20.0
19.5304,-3.25062,20.0
19.5404,-3.32571,20.0
19.5504,-3.41672,20.0
19.5604,-3.40064,20.0
19.5704,-3.47747,20.0
19.5804,-3.52521,20.0
19.5904,-3.60487,20.0
19.6004,-3.56843,20.0
19.6104,-3.69291,20.0
19.6204,-3.72829,20.0
19.6304,-3.72257,20.0
19.6404,-3.78977,20.0
19.6504,-3.80786,20.0
19.6604,-3.92686,20.0
19.6704,-3.89076,20.0
19.6804,-3.94356,20.0
19.6904,-4.06725,20.0
19.7004,-4.06285,20.0
19.7104,-4.12334,20.0
19.7204,-4.14173,20.0
19.7304,-4.25401,20.0
19.7404,-4.24719,20.0
19.7504,-4.29626,20.0
19.7604,-4.30622,20.0
19.7704,-4.44307,20.0
19.7804,-4.42681,20.0
19.7904,-4.53144,20.0
19.8004,-4.54495,20.0
19.8104,-4.56235,20.0
19.8204,-4.60063,20.0
19.8304,-4.6408,20.0
19.8404,-4.65485,20.0
19.8504,-4.78478,20.0
19.8604,-4.76059,20.0
19.8704,-4.84328,20.0
19.8804,-4.85785,20.0
19.8904,-4.95929,20.0
19.9004,-4.97061,20.0
19.9104,-4.9758,20.0
19.9204,-5.05787,20.0
19.9304,-5.07381,20.0
19.9404,-5.13162,20.0
19.9504,-5.2223,20.0
19.9604,-5.27186,20.0
19.9704,-5.26627,20.0
19.9804,-5.27556,20.0
19.9904,-5.32871,20.0
20.0004,-5.36573,20.0
20.0104,-5.41061,20.0
20.0204,-5.44236,20.0
20.0304,-5.55696,20.0
20.0404,-5.60843,20.0
20.0504,-5.60576,20.0
20.0604,-5.59294,20.0
20.0704,-5.66299,20.0
20.0804,-5.67889,20.0
20.0904,-5.79564,20.0
20.1004,-5.83625,20.0
20.1104,-5.80472,20.0
20.1204,-5.84603,20.0
20.1304,-5.9652,20.0
20.1404,-5.97722,20.0
20.1504,-5.98809,20.0
20.1604,-6.0218,20.0
20.1704,-6.07637,20.0
20.1804,-6.14478,20.0
20.1904,-6.19404,20.0
20.2004,-6.23514,20.0
20.2104,-6.23608,20.0
20.2204,-6.26987,20.0
20.2304,-6.3155,20.0
20.2404,-6.34497,20.0
20.2504,-6.42928,20.0
20.2604,-6.46443,20.0
20.2704,-6.51542,20.0
20.2804,-6.47324,20.0
20.2904,-6.5599,20.0
20.3004,-6.5534,20.0
20.3104,-6.65673,20.0
20.3204,-6.67989,20.0
20.3304,-6.73888,20.0
20.3404,-6.74671,20.0
20.3504,-6.77837,20.0
20.3604,-6.83385,20.0
20.3704,-6.83717,20.0
20.3804,-6.87631,20.0
20.3904,-6.95628,20.0
20.4004,-6.99207,20.0
20.4104,-6.93769,20.0
20.4204,-7.01814,20.0
20.4304,-7.0854,20.0
20.4404,-7.06549,20.0
20.4504,-7.15041,20.0
20.4604,-7.15614,20.0
20.4704,-7.15869,20.0
20.4804,-7.25106,20.0
20.4904,-7.23725,20.0
20.5004,-7.28025,20.0
20.5104,-7.28507,20.0
20.5204,-7.33571,20.0
20.5304,-7.40516,20.0
20.5404,-7.44243,20.0
20.5504,-7.43351,20.0
20.5604,-7.4514,20.0
20.5704,-7.5701,20.0
20.5804,-7.53561,20.0
20.5904,-7.62093,20.0
20.6004,-7.67206,20.0
20.6104,-7.613,20.0
20.6204,-7.71475,20.0
20.6304,-7.7223,20.0
20.6404,-7.72966,20.0
20.6504,-7.82382,20.0
20.6604,-7.81279,20.0
20.6704,-7.81056,20.0
20.6804,-7.85413,20.0
20.6904,-7.89151,20.0
20.7004,-7.91768,20.0
20.7104,-7.97566,20.0
20.7204,-7.96743,20.0
20.7304,-8.04301,20.0
20.7404,-8.09538,20.0
20.7504,-8.05155,20.0
20.7604,-8.09052,20.0
20.7704,-8.19328,20.0
20.7804,-8.19484,20.0
20.7904,-8.23719,20.0
20.8004,-8.21633,20.0
20.8104,-8.25327,20.0
20.8204,-8.24,20.0
20.8304,-8.31052,20.0
20.8404,-8.33784,20.0
20.8504,-8.34294,20.0
20.8604,-8.42883,20.0
20.8704,-8.46052,20.0
20.8804,-8.45499,20.0
20.8904,-8.46624,20.0
20.9004,-8.49429,20.0
20.9104,-8.51512,20.0
20.9204,-8.50574,20.0
20.9304,-8.59614,20.0
20.9404,-8.63532,20.0
20.9504,-8.64829,20.0
20.9604,-8.69504,20.0
20.9704,-8.69258,20.0
20.9804,-8.7209,20.0
20.9904,-8.69399,20.0
21.0004,-8.73187,20.0
21.0104,-8.72853,20.0
21.0204,-8.77997,20.0
21.0304,-8.77819,20.0
21.0404,-8.79818,20.0
21.0504,-8.81696,20.0
21.0604,-8.92551,20.0
21.0704,-8.90483,20.0
21.0804,-8.89894,20.0
21.0904,-8.92081,20.0
21.1004,-8.99347,20.0
21.1104,-8.9969,20.0
21.1204,-9.0641,20.0
21.1304,-9.08107,20.0
21.1404,-9.06982,20.0
21.1504,-9.05334,20.0
21.1604,-9.10463,20.0
21.1704,-9.07669,20.0
21.1804,-9.12153,20.0
21.1904,-9.16213,20.0
21.2004,-9.2205,20.0
21.2104,-9.20065,20.0
21.2204,-9.19656,20.0
21.2304,-9.24424,20.0
21.2404,-9.25469,20.0
21.2504,-9.2529,20.0
21.2604,-9.30889,20.0
21.2704,-9.34863,20.0
21.2804,-9.29515,20.0
21.2904,-9.31743,20.0
21.3004,-9.36947,20.0
21.3104,-9.42628,20.0
21.3204,-9.39386,20.0
21.3304,-9.3902,20.0
21.3404,-9.3803,20.0
21.3504,-9.47617,20.0
21.3604,-9.47879,20.0
21.3704,-9.46218,20.0
21.3804,-9.45534,20.0
21.3904,-9.45525,20.0
21.4004,-9.51692,20.0
21.4104,-9.57136,20.0
21.4204,-9.56156,20.0
21.4304,-9.51251,20.0
21.4404,-9.57923,20.0
21.4504,-9.5687,20.0
21.4604,-9.56694,20.0
21.4704,-9.62893,20.0
21.4804,-9.65968,20.0
21.4904,-9.67619,20.0
21.5004,-9.65846,20.0
21.5104,-9.68749,20.0
21.5204,-9.64527,20.0
21.5304,-9.68781,20.0
21.5404,-9.6891,20.0
21.5504,-9.67115,20.0
21.5604,-9.69096,20.0
21.5704,-9.72753,20.0
21.5804,-9.72485,20.0
21.5904,-9.77292,20.0
21.6004,-9.80075,20.0
21.6104,-9.77933,20.0
21.6204,-9.74267,20.0
21.6304,-9.76177,20.0
21.6404,-9.80161,20.0
21.6504,-9.78721,20.0
21.6604,-9.84257,20.0
21.6704,-9.85968,20.0
21.6804,-9.87254,20.0
21.6904,-9.79615,20.0
21.7004,-9.80952,20.0
21.7104,-9.89764,20.0
21.7204,-9.86251,20.0
21.7304,-9.89813,20.0
21.7404,-9.85251,20.0
21.7504,-9.83364,20.0
21.7604,-9.88052,20.0
21.7704,-9.93315,20.0
21.7804,-9.91353,20.0
21.7904,-9.85767,20.0
21.8004,-9.89956,20.0
21.8104,-9.91519,20.0
21.8204,-9.90058,20.0
21.8304,-9.93172,20.0
21.8404,-9.89961,20.0
21.8504,-9.95125,20.0
21.8604,-9.89164,20.0
21.8704,-9.89378,20.0
21.8804,-9.89667,20.0
21.8904,-9.89132,20.0
21.9004,-9.92371,20.0
21.9104,-9.93985,20.0
21.9204,-9.93875,20.0
21.9304,-9.96739,20.0
21.9404,-9.95678,20.0
21.9504,-9.92693,20.0
21.9604,-9.92282,20.0
21.9704,-9.93746,20.0
21.9804,-9.96786,20.0
21.9904,-9.975,20.0
22.0004,-9.91689,20.0
22.0104,-9.97554,20.0
22.0204,-9.96593,20.0
22.0304,-9.92607,20.0
22.0404,-9.96097,20.0
22.0504,-9.94861,20.0
22.0604,-9.931,20.0
22.0704,-9.96615,20.0
22.0804,-9.89204,20.0
22.0904,-9.94569,20.0
22.1004,-9.98508,20.0
22.1104,-9.95323,20.0
22.1204,-9.90712,20.0
22.1304,-9.91477,20.0
22.1404,-9.97116,20.0
22.1504,-9.94731,20.0
22.1604,-9.95621,20.0
22.1704,-9.95186,20.0
22.1804,-9.89126,20.0
22.1904,-9.89641,20.0
22.2004,-9.93731,20.0
22.2104,-9.91596,20.0
22.2204,-9.85737,20.0
22.2304,-9.83053,20.0
22.2404,-9.84743,20.0
22.2504,-9.91109,20.0
22.2604,-9.87651,20.0
22.2704,-9.87967,20.0
22.2804,-9.83759,20.0
22.2904,-9.84226,20.0
22.3004,-9.82068,20.0
22.3104,-9.82886,20.0
22.3204,-9.79879,20.0
22.3304,-9.81147,20.0
22.3404,-9.8129,20.0
22.3504,-9.78509,20.0
22.3604,-9.74704,20.0
22.3704,-9.78673,20.0
22.3804,-9.78718,20.0
22.3904,-9.79739,20.0
22.4004,-9.72935,20.0
22.4104,-9.71007,20.0
22.4204,-9.68254,20.0
22.4304,-9.67577,20.0
22.4404,-9.69075,20.0
22.4504,-9.6815,20.0
22.4604,-9.71899,20.0
22.4704,-9.62125,20.0
22.4804,-9.65826,20.0
22.4904,-9.60203,20.0
22.5004,-9.67555,20.0
22.5104,-9.58384,20.0
22.5204,-9.60388,20.0
22.5304,-9.58368,20.0
22.5404,-9.53424,20.0
22.5504,-9.53656,20.0
22.5604,-9.58864,20.0
22.5704,-9.54248,20.0
22.5804,-9.47208,20.0
22.5904,-9.49744,20.0
22.6004,-9.44156,20.0
22.6104,-9.47544,20.0
22.6204,-9.49909,20.0
22.6304,-9.4655,20.0
22.6404,-9.38167,20.0
22.6504,-9.4456,20.0
22.6604,-9.38729,20.0
22.6704,-9.38875,20.0
22.6804,-9.34998,20.0
22.6904,-9.34597,20.0
22.7004,-9.29772,20.0
22.7104,-9.30224,20.0
22.7204,-9.33853,20.0
22.7304,-9.30558,20.0
22.7404,-9.2944,20.0
22.7504,-9.21399,20.0
22.7604,-9.22834,20.0
22.7704,-9.23446,20.0
22.7804,-9.15736,20.0
22.7904,-9.13702,20.0
22.8004,-9.16745,20.0
22.8104,-9.08865,20.0
22.8204,-9.06262,20.0
22.8304,-9.07536,20.0
22.8404,-9.01387,20.0
22.8504,-9.01216,20.0
22.8604,-9.05622,20.0
22.8704,-8.99605,20.0
22.8804,-8.99466,20.0
22.8904,-8.92904,20.0
22.9004,-8.96019,20.0
22.9104,-8.95512,20.0
22.9204,-8.93583,20.0
22.9304,-8.87431,20.0
22.9404,-8.84357,20.0
22.9504,-8.84061,20.0
22.9604,-8.84342,20.0
22.9704,-8.81202,20.0
22.9804,-8.77039,20.0
22.9904,-8.67955,20.0
23.0004,-8.72848,20.0
23.0104,-8.6712,20.0
23.0204,-8.70469,20.0
23.0304,-8.67697,20.0
23.0404,-8.61203,20.0
23.0504,-8.59488,20.0
23.0604,-8.58951,20.0
23.0704,-8.49593,20.0
23.0804,-8.48413,20.0
23.0904,-8.45511,20.0
23.1004,-8.48889,20.0
23.1104,-8.40245,20.0
23.1204,-8.3718,20.0
23.1304,-8.32594,20.0
23.1404,-8.31386,20.0
23.1504,-8.32358,20.0
23.1604,-8.31809,20.0
23.1704,-8.25239,20.0
23.1804,-8.26648,20.0
23.1904,-8.23237,20.0
23.2004,-8.17605,20.0
23.2104,-8.15152,20.0
23.2204,-8.14479,20.0
23.2304,-8.05385,20.0
23.2404,-8.07571,20.0
23.2504,-8.03037,20.0
23.2604,-7.95983,20.0
23.2704,-7.97508,20.0
23.2804,-7.90213,20.0
23.2904,-7.89399,20.0
23.3004,-7.87164,20.0
23.3104,-7.8551,20.0
23.3204,-7.80736,20.0
23.3304,-7.77542,20.0
23.3404,-7.80129,20.0
